LWK,NA19017,19
LWK,NA19019,13
LWK,NA19020,10
LWK,NA19023,18
LWK,NA19024,18
LWK,NA19025,17
LWK,NA19026,13
LWK,NA19027,16
LWK,NA19028,10
LWK,NA19030,21
LWK,NA19031,9
LWK,NA19035,22
LWK,NA19036,14
LWK,NA19037,25
LWK,NA19038,20
LWK,NA19041,22
LWK,NA19042,15
LWK,NA19043,17
LWK,NA19307,19
LWK,NA19308,13
LWK,NA19309,21
LWK,NA19310,15
LWK,NA19312,12
LWK,NA19314,12
LWK,NA19315,17
LWK,NA19316,17
LWK,NA19317,10
LWK,NA19318,18
LWK,NA19319,17
LWK,NA19320,23
LWK,NA19321,13
LWK,NA19323,18
LWK,NA19324,25
LWK,NA19327,15
LWK,NA19328,21
LWK,NA19331,13
LWK,NA19332,23
LWK,NA19334,23
LWK,NA19338,22
LWK,NA19346,14
LWK,NA19347,9
LWK,NA19350,15
LWK,NA19351,15
LWK,NA19355,21
LWK,NA19360,16
LWK,NA19372,8
LWK,NA19374,17
LWK,NA19375,20
LWK,NA19376,13
LWK,NA19377,12
LWK,NA19378,10
LWK,NA19379,24
LWK,NA19380,15
LWK,NA19383,18
LWK,NA19384,18
LWK,NA19385,18
LWK,NA19390,17
LWK,NA19391,11
LWK,NA19393,18
LWK,NA19394,11
LWK,NA19395,10
LWK,NA19397,20
LWK,NA19399,13
LWK,NA19401,18
LWK,NA19403,19
LWK,NA19404,17
LWK,NA19428,16
LWK,NA19429,22
LWK,NA19430,13
LWK,NA19431,15
LWK,NA19434,17
LWK,NA19435,20
LWK,NA19436,18
LWK,NA19437,29
LWK,NA19438,18
LWK,NA19439,19
LWK,NA19440,16
LWK,NA19443,14
LWK,NA19445,16
LWK,NA19446,14
LWK,NA19448,12
LWK,NA19449,21
LWK,NA19451,20
LWK,NA19452,23
LWK,NA19454,27
LWK,NA19455,15
LWK,NA19456,10
LWK,NA19457,20
LWK,NA19461,23
LWK,NA19462,25
LWK,NA19463,17
LWK,NA19466,23
LWK,NA19467,20
LWK,NA19468,19
LWK,NA19471,5
LWK,NA19472,21
LWK,NA19473,20
LWK,NA19474,11
LWK,NA19475,12
GWD,HG02461,20
GWD,HG02462,4
GWD,HG02464,10
GWD,HG02465,15
GWD,HG02561,9
GWD,HG02562,25
GWD,HG02568,7
GWD,HG02570,11
GWD,HG02571,17
GWD,HG02573,5
GWD,HG02574,17
GWD,HG02582,13
GWD,HG02583,9
GWD,HG02585,9
GWD,HG02586,11
GWD,HG02588,18
GWD,HG02589,26
GWD,HG02594,23
GWD,HG02595,25
GWD,HG02610,12
GWD,HG02611,17
GWD,HG02613,5
GWD,HG02614,18
GWD,HG02620,15
GWD,HG02621,5
GWD,HG02623,7
GWD,HG02624,20
GWD,HG02628,10
GWD,HG02629,9
GWD,HG02634,7
GWD,HG02635,16
GWD,HG02642,7
GWD,HG02643,24
GWD,HG02645,8
GWD,HG02646,18
GWD,HG02666,13
GWD,HG02667,18
GWD,HG02675,10
GWD,HG02676,25
GWD,HG02678,21
GWD,HG02679,8
GWD,HG02702,23
GWD,HG02703,13
GWD,HG02715,23
GWD,HG02716,17
GWD,HG02721,24
GWD,HG02722,12
GWD,HG02756,20
GWD,HG02757,19
GWD,HG02759,5
GWD,HG02760,17
GWD,HG02763,10
GWD,HG02768,17
GWD,HG02769,23
GWD,HG02771,6
GWD,HG02772,19
GWD,HG02798,18
GWD,HG02799,10
GWD,HG02804,21
GWD,HG02805,3
GWD,HG02807,6
GWD,HG02808,12
GWD,HG02810,3
GWD,HG02811,13
GWD,HG02813,9
GWD,HG02814,19
GWD,HG02816,11
GWD,HG02817,10
GWD,HG02819,26
GWD,HG02820,26
GWD,HG02836,17
GWD,HG02837,7
GWD,HG02839,15
GWD,HG02840,13
GWD,HG02851,18
GWD,HG02852,13
GWD,HG02854,17
GWD,HG02855,22
GWD,HG02860,9
GWD,HG02861,21
GWD,HG02870,23
GWD,HG02878,19
GWD,HG02879,12
GWD,HG02881,13
GWD,HG02882,7
GWD,HG02884,16
GWD,HG02885,18
GWD,HG02887,10
GWD,HG02888,21
GWD,HG02890,17
GWD,HG02891,19
GWD,HG02895,11
GWD,HG02896,12
GWD,HG02982,8
GWD,HG02983,11
GWD,HG03024,14
GWD,HG03025,17
GWD,HG03027,11
GWD,HG03028,20
GWD,HG03039,20
GWD,HG03040,17
GWD,HG03045,8
GWD,HG03046,18
GWD,HG03048,9
GWD,HG03049,11
GWD,HG03240,11
GWD,HG03241,20
GWD,HG03246,7
GWD,HG03247,10
GWD,HG03258,22
GWD,HG03259,22
GWD,HG03538,16
GWD,HG03539,25
MSL,HG03052,19
MSL,HG03054,9
MSL,HG03055,20
MSL,HG03057,7
MSL,HG03058,11
MSL,HG03060,15
MSL,HG03061,6
MSL,HG03063,23
MSL,HG03064,15
MSL,HG03066,28
MSL,HG03069,9
MSL,HG03072,12
MSL,HG03073,22
MSL,HG03074,16
MSL,HG03077,26
MSL,HG03078,22
MSL,HG03079,21
MSL,HG03081,20
MSL,HG03082,19
MSL,HG03084,18
MSL,HG03085,21
MSL,HG03086,19
MSL,HG03088,9
MSL,HG03091,22
MSL,HG03095,10
MSL,HG03096,14
MSL,HG03097,18
MSL,HG03209,9
MSL,HG03212,29
MSL,HG03224,18
MSL,HG03225,18
MSL,HG03376,18
MSL,HG03378,23
MSL,HG03380,7
MSL,HG03382,11
MSL,HG03385,13
MSL,HG03388,18
MSL,HG03391,19
MSL,HG03394,17
MSL,HG03397,21
MSL,HG03401,23
MSL,HG03410,14
MSL,HG03419,16
MSL,HG03428,21
MSL,HG03432,11
MSL,HG03433,15
MSL,HG03436,13
MSL,HG03437,23
MSL,HG03439,14
MSL,HG03442,24
MSL,HG03445,17
MSL,HG03446,19
MSL,HG03449,17
MSL,HG03451,4
MSL,HG03452,7
MSL,HG03455,7
MSL,HG03457,10
MSL,HG03458,10
MSL,HG03460,8
MSL,HG03461,9
MSL,HG03464,19
MSL,HG03469,11
MSL,HG03470,10
MSL,HG03472,22
MSL,HG03473,5
MSL,HG03476,8
MSL,HG03478,9
MSL,HG03479,19
MSL,HG03484,12
MSL,HG03485,13
MSL,HG03547,16
MSL,HG03548,21
MSL,HG03556,11
MSL,HG03557,27
MSL,HG03558,22
MSL,HG03559,25
MSL,HG03563,20
MSL,HG03565,21
MSL,HG03567,12
MSL,HG03571,16
MSL,HG03572,12
MSL,HG03575,23
MSL,HG03577,21
MSL,HG03578,13
MSL,HG03583,20
ACB,HG01879,13
ACB,HG01880,9
ACB,HG01882,22
ACB,HG01883,21
ACB,HG01885,20
ACB,HG01886,30
ACB,HG01889,15
ACB,HG01890,13
ACB,HG01894,24
ACB,HG01896,3
ACB,HG01912,18
ACB,HG01914,14
ACB,HG01915,15
ACB,HG01956,22
ACB,HG01958,18
ACB,HG01985,14
ACB,HG01986,19
ACB,HG01988,21
ACB,HG01989,11
ACB,HG01990,14
ACB,HG02009,19
ACB,HG02010,22
ACB,HG02012,15
ACB,HG02013,17
ACB,HG02014,30
ACB,HG02051,15
ACB,HG02052,27
ACB,HG02053,9
ACB,HG02054,6
ACB,HG02095,15
ACB,HG02107,26
ACB,HG02108,11
ACB,HG02111,19
ACB,HG02143,18
ACB,HG02144,16
ACB,HG02255,14
ACB,HG02256,9
ACB,HG02281,17
ACB,HG02282,11
ACB,HG02283,8
ACB,HG02284,22
ACB,HG02307,5
ACB,HG02308,26
ACB,HG02309,5
ACB,HG02314,14
ACB,HG02315,21
ACB,HG02317,15
ACB,HG02318,10
ACB,HG02322,20
ACB,HG02323,23
ACB,HG02325,17
ACB,HG02330,24
ACB,HG02332,11
ACB,HG02334,16
ACB,HG02337,14
ACB,HG02339,13
ACB,HG02343,12
ACB,HG02419,15
ACB,HG02420,9
ACB,HG02427,19
ACB,HG02429,7
ACB,HG02433,20
ACB,HG02439,17
ACB,HG02442,5
ACB,HG02445,14
ACB,HG02449,17
ACB,HG02450,8
ACB,HG02455,21
ACB,HG02470,19
ACB,HG02471,18
ACB,HG02476,18
ACB,HG02477,8
ACB,HG02479,6
ACB,HG02481,9
ACB,HG02484,10
ACB,HG02485,13
ACB,HG02489,13
ACB,HG02496,14
ACB,HG02497,19
ACB,HG02501,14
ACB,HG02502,7
ACB,HG02505,12
ACB,HG02508,21
ACB,HG02511,13
ACB,HG02536,16
ACB,HG02537,15
ACB,HG02541,12
ACB,HG02545,21
ACB,HG02546,24
ACB,HG02549,23
ACB,HG02554,28
ACB,HG02555,15
ACB,HG02557,22
ACB,HG02558,21
ACB,HG02577,13
ACB,HG02580,27
ASW,NA19625,12
ASW,NA19700,14
ASW,NA19701,12
ASW,NA19703,25
ASW,NA19704,5
ASW,NA19707,10
ASW,NA19711,12
ASW,NA19712,16
ASW,NA19713,23
ASW,NA19818,18
ASW,NA19819,6
ASW,NA19834,17
ASW,NA19835,21
ASW,NA19900,14
ASW,NA19901,25
ASW,NA19904,3
ASW,NA19908,8
ASW,NA19909,6
ASW,NA19913,5
ASW,NA19914,14
ASW,NA19916,10
ASW,NA19917,13
ASW,NA19920,24
ASW,NA19921,16
ASW,NA19922,13
ASW,NA19923,5
ASW,NA19982,22
ASW,NA19984,23
ASW,NA20126,17
ASW,NA20127,20
ASW,NA20274,26
ASW,NA20276,20
ASW,NA20278,16
ASW,NA20281,20
ASW,NA20282,25
ASW,NA20287,18
ASW,NA20289,24
ASW,NA20291,3
ASW,NA20294,17
ASW,NA20296,20
ASW,NA20298,13
ASW,NA20299,16
ASW,NA20314,2
ASW,NA20317,16
ASW,NA20318,22
ASW,NA20320,10
ASW,NA20321,6
ASW,NA20332,26
ASW,NA20334,20
ASW,NA20339,21
ASW,NA20340,16
ASW,NA20342,6
ASW,NA20346,14
ASW,NA20348,17
ASW,NA20351,24
ASW,NA20355,11
ASW,NA20356,13
ASW,NA20357,16
ASW,NA20359,24
ASW,NA20362,23
ASW,NA20412,28
YRI,NA18486,9
YRI,NA18488,19
YRI,NA18489,23
YRI,NA18498,10
YRI,NA18499,22
YRI,NA18501,19
YRI,NA18502,18
YRI,NA18504,30
YRI,NA18505,6
YRI,NA18507,18
YRI,NA18508,17
YRI,NA18510,26
YRI,NA18511,10
YRI,NA18516,12
YRI,NA18517,8
YRI,NA18519,11
YRI,NA18520,8
YRI,NA18522,14
YRI,NA18523,18
YRI,NA18853,13
YRI,NA18856,16
YRI,NA18858,17
YRI,NA18861,22
YRI,NA18864,20
YRI,NA18865,15
YRI,NA18867,16
YRI,NA18868,22
YRI,NA18870,22
YRI,NA18871,13
YRI,NA18873,14
YRI,NA18874,18
YRI,NA18876,12
YRI,NA18877,25
YRI,NA18878,20
YRI,NA18879,13
YRI,NA18881,24
YRI,NA18907,13
YRI,NA18908,21
YRI,NA18909,6
YRI,NA18910,11
YRI,NA18912,10
YRI,NA18915,23
YRI,NA18916,6
YRI,NA18917,13
YRI,NA18923,7
YRI,NA18924,18
YRI,NA18933,24
YRI,NA18934,27
YRI,NA19092,3
YRI,NA19093,12
YRI,NA19095,22
YRI,NA19096,8
YRI,NA19098,16
YRI,NA19099,17
YRI,NA19102,13
YRI,NA19107,11
YRI,NA19108,12
YRI,NA19113,14
YRI,NA19114,16
YRI,NA19116,8
YRI,NA19117,21
YRI,NA19118,23
YRI,NA19119,11
YRI,NA19121,7
YRI,NA19129,17
YRI,NA19130,20
YRI,NA19131,9
YRI,NA19137,18
YRI,NA19138,24
YRI,NA19141,24
YRI,NA19143,22
YRI,NA19144,27
YRI,NA19146,26
YRI,NA19147,12
YRI,NA19149,9
YRI,NA19152,25
YRI,NA19153,23
YRI,NA19159,26
YRI,NA19160,19
YRI,NA19171,22
YRI,NA19172,15
YRI,NA19175,8
YRI,NA19184,20
YRI,NA19185,30
YRI,NA19189,17
YRI,NA19190,24
YRI,NA19197,12
YRI,NA19198,17
YRI,NA19200,10
YRI,NA19201,8
YRI,NA19204,16
YRI,NA19206,9
YRI,NA19207,15
YRI,NA19209,20
YRI,NA19210,20
YRI,NA19213,9
YRI,NA19214,16
YRI,NA19222,15
YRI,NA19223,26
YRI,NA19225,15
YRI,NA19235,24
YRI,NA19236,10
YRI,NA19238,21
YRI,NA19239,8
YRI,NA19247,23
YRI,NA19248,11
YRI,NA19256,19
YRI,NA19257,17
BEB,HG03006,24
BEB,HG03007,9
BEB,HG03009,8
BEB,HG03012,16
BEB,HG03585,11
BEB,HG03589,5
BEB,HG03593,12
BEB,HG03594,27
BEB,HG03595,21
BEB,HG03598,5
BEB,HG03600,7
BEB,HG03603,8
BEB,HG03604,27
BEB,HG03607,8
BEB,HG03611,14
BEB,HG03615,22
BEB,HG03616,28
BEB,HG03793,9
BEB,HG03796,7
BEB,HG03800,7
BEB,HG03802,6
BEB,HG03803,24
BEB,HG03805,30
BEB,HG03808,11
BEB,HG03809,8
BEB,HG03812,13
BEB,HG03814,26
BEB,HG03815,12
BEB,HG03817,8
BEB,HG03821,8
BEB,HG03823,10
BEB,HG03824,19
BEB,HG03826,17
BEB,HG03829,19
BEB,HG03830,15
BEB,HG03832,23
BEB,HG03833,18
BEB,HG03902,8
BEB,HG03905,7
BEB,HG03907,9
BEB,HG03908,6
BEB,HG03910,17
BEB,HG03911,2
BEB,HG03913,13
BEB,HG03914,34
BEB,HG03916,17
BEB,HG03917,4
BEB,HG03919,20
BEB,HG03920,9
BEB,HG03922,19
BEB,HG03925,18
BEB,HG03926,8
BEB,HG03928,9
BEB,HG03931,23
BEB,HG03934,19
BEB,HG03937,10
BEB,HG03940,18
BEB,HG03941,22
BEB,HG04131,19
BEB,HG04134,10
BEB,HG04140,12
BEB,HG04141,8
BEB,HG04144,17
BEB,HG04146,12
BEB,HG04152,25
BEB,HG04153,2
BEB,HG04155,10
BEB,HG04156,11
BEB,HG04158,18
BEB,HG04159,8
BEB,HG04161,28
BEB,HG04162,9
BEB,HG04164,13
BEB,HG04171,18
BEB,HG04173,10
BEB,HG04176,30
BEB,HG04177,18
BEB,HG04180,6
BEB,HG04182,25
BEB,HG04183,10
BEB,HG04185,8
BEB,HG04186,26
BEB,HG04188,16
BEB,HG04189,6
BEB,HG04194,14
BEB,HG04195,9
STU,HG03642,12
STU,HG03643,12
STU,HG03644,5
STU,HG03645,8
STU,HG03646,9
STU,HG03672,21
STU,HG03673,20
STU,HG03679,8
STU,HG03680,25
STU,HG03681,3
STU,HG03684,11
STU,HG03685,23
STU,HG03686,10
STU,HG03687,13
STU,HG03689,30
STU,HG03690,14
STU,HG03691,5
STU,HG03692,9
STU,HG03693,9
STU,HG03694,14
STU,HG03695,6
STU,HG03696,10
STU,HG03697,10
STU,HG03698,17
STU,HG03711,8
STU,HG03733,16
STU,HG03736,13
STU,HG03738,9
STU,HG03740,11
STU,HG03741,6
STU,HG03743,6
STU,HG03744,9
STU,HG03745,13
STU,HG03746,10
STU,HG03750,6
STU,HG03752,16
STU,HG03753,9
STU,HG03754,8
STU,HG03755,28
STU,HG03756,25
STU,HG03757,4
STU,HG03760,9
STU,HG03836,8
STU,HG03837,16
STU,HG03838,10
STU,HG03844,6
STU,HG03846,4
STU,HG03848,7
STU,HG03849,3
STU,HG03850,21
STU,HG03851,21
STU,HG03854,12
STU,HG03856,21
STU,HG03857,7
STU,HG03858,15
STU,HG03884,28
STU,HG03885,13
STU,HG03886,9
STU,HG03887,9
STU,HG03888,13
STU,HG03890,11
STU,HG03894,5
STU,HG03895,20
STU,HG03896,11
STU,HG03897,9
STU,HG03898,14
STU,HG03899,8
STU,HG03900,6
STU,HG03943,11
STU,HG03944,10
STU,HG03945,7
STU,HG03947,6
STU,HG03949,5
STU,HG03950,10
STU,HG03951,17
STU,HG03953,5
STU,HG03955,23
STU,HG03985,21
STU,HG03986,12
STU,HG03989,7
STU,HG03990,3
STU,HG03991,9
STU,HG03995,30
STU,HG03998,7
STU,HG03999,4
STU,HG04003,16
STU,HG04006,16
STU,HG04029,17
STU,HG04033,6
STU,HG04035,31
STU,HG04038,14
STU,HG04039,5
STU,HG04042,15
STU,HG04047,19
STU,HG04075,19
STU,HG04099,8
STU,HG04100,22
STU,HG04106,7
STU,HG04107,28
STU,HG04210,13
STU,HG04227,14
STU,HG04229,9
ITU,HG03713,11
ITU,HG03714,34
ITU,HG03716,11
ITU,HG03717,14
ITU,HG03718,32
ITU,HG03720,9
ITU,HG03722,9
ITU,HG03727,28
ITU,HG03729,4
ITU,HG03730,7
ITU,HG03731,11
ITU,HG03742,17
ITU,HG03770,11
ITU,HG03771,18
ITU,HG03772,8
ITU,HG03773,6
ITU,HG03774,4
ITU,HG03775,14
ITU,HG03777,21
ITU,HG03778,12
ITU,HG03779,22
ITU,HG03780,8
ITU,HG03781,8
ITU,HG03782,7
ITU,HG03784,20
ITU,HG03785,11
ITU,HG03786,9
ITU,HG03787,9
ITU,HG03788,11
ITU,HG03789,5
ITU,HG03790,2
ITU,HG03792,17
ITU,HG03861,8
ITU,HG03862,9
ITU,HG03863,11
ITU,HG03864,5
ITU,HG03866,20
ITU,HG03867,5
ITU,HG03868,10
ITU,HG03869,13
ITU,HG03870,9
ITU,HG03871,25
ITU,HG03872,25
ITU,HG03873,10
ITU,HG03874,43
ITU,HG03875,7
ITU,HG03882,5
ITU,HG03960,10
ITU,HG03963,15
ITU,HG03965,10
ITU,HG03967,18
ITU,HG03968,8
ITU,HG03969,11
ITU,HG03971,11
ITU,HG03973,6
ITU,HG03974,8
ITU,HG03976,9
ITU,HG03977,10
ITU,HG03978,7
ITU,HG04001,11
ITU,HG04002,34
ITU,HG04014,29
ITU,HG04015,8
ITU,HG04017,6
ITU,HG04018,10
ITU,HG04019,16
ITU,HG04020,9
ITU,HG04022,23
ITU,HG04023,11
ITU,HG04025,6
ITU,HG04026,10
ITU,HG04054,8
ITU,HG04056,15
ITU,HG04059,27
ITU,HG04060,21
ITU,HG04061,24
ITU,HG04062,14
ITU,HG04063,28
ITU,HG04070,12
ITU,HG04076,9
ITU,HG04080,7
ITU,HG04090,27
ITU,HG04093,9
ITU,HG04094,21
ITU,HG04096,9
ITU,HG04098,11
ITU,HG04118,27
ITU,HG04198,6
ITU,HG04200,12
ITU,HG04202,11
ITU,HG04206,8
ITU,HG04209,11
ITU,HG04211,9
ITU,HG04212,10
ITU,HG04214,8
ITU,HG04216,13
ITU,HG04219,14
ITU,HG04222,16
ITU,HG04225,7
ITU,HG04235,7
ITU,HG04238,26
ITU,HG04239,13
PJL,HG01583,3
PJL,HG01586,7
PJL,HG01589,13
PJL,HG01593,13
PJL,HG02490,5
PJL,HG02491,16
PJL,HG02493,12
PJL,HG02494,34
PJL,HG02597,10
PJL,HG02600,15
PJL,HG02601,10
PJL,HG02603,18
PJL,HG02604,22
PJL,HG02648,26
PJL,HG02649,10
PJL,HG02651,18
PJL,HG02652,7
PJL,HG02654,14
PJL,HG02655,18
PJL,HG02657,4
PJL,HG02658,22
PJL,HG02660,19
PJL,HG02661,27
PJL,HG02681,7
PJL,HG02682,15
PJL,HG02684,9
PJL,HG02685,5
PJL,HG02687,16
PJL,HG02688,4
PJL,HG02690,8
PJL,HG02691,14
PJL,HG02694,20
PJL,HG02696,6
PJL,HG02697,9
PJL,HG02699,13
PJL,HG02700,28
PJL,HG02724,12
PJL,HG02725,9
PJL,HG02727,27
PJL,HG02728,9
PJL,HG02731,6
PJL,HG02733,2
PJL,HG02734,18
PJL,HG02736,13
PJL,HG02737,31
PJL,HG02774,14
PJL,HG02775,31
PJL,HG02778,8
PJL,HG02780,23
PJL,HG02783,8
PJL,HG02784,8
PJL,HG02786,8
PJL,HG02787,14
PJL,HG02789,2
PJL,HG02790,7
PJL,HG02792,9
PJL,HG02793,8
PJL,HG03015,9
PJL,HG03016,26
PJL,HG03018,18
PJL,HG03019,14
PJL,HG03021,4
PJL,HG03022,10
PJL,HG03228,8
PJL,HG03229,27
PJL,HG03234,7
PJL,HG03235,16
PJL,HG03237,8
PJL,HG03238,11
PJL,HG03488,23
PJL,HG03490,9
PJL,HG03491,17
PJL,HG03619,14
PJL,HG03624,4
PJL,HG03625,6
PJL,HG03629,17
PJL,HG03631,11
PJL,HG03634,8
PJL,HG03636,8
PJL,HG03640,9
PJL,HG03649,13
PJL,HG03652,14
PJL,HG03653,13
PJL,HG03660,6
PJL,HG03663,16
PJL,HG03667,19
PJL,HG03668,9
PJL,HG03702,28
PJL,HG03703,33
PJL,HG03705,14
PJL,HG03706,8
PJL,HG03708,8
PJL,HG03709,11
PJL,HG03762,8
PJL,HG03765,25
PJL,HG03767,15
GIH,NA20845,12
GIH,NA20846,15
GIH,NA20847,14
GIH,NA20849,31
GIH,NA20850,10
GIH,NA20851,5
GIH,NA20852,9
GIH,NA20853,23
GIH,NA20854,9
GIH,NA20856,9
GIH,NA20858,7
GIH,NA20859,21
GIH,NA20861,12
GIH,NA20862,28
GIH,NA20863,31
GIH,NA20864,17
GIH,NA20866,12
GIH,NA20867,10
GIH,NA20868,12
GIH,NA20869,3
GIH,NA20870,7
GIH,NA20872,20
GIH,NA20874,18
GIH,NA20875,11
GIH,NA20876,8
GIH,NA20877,8
GIH,NA20878,12
GIH,NA20881,9
GIH,NA20882,20
GIH,NA20884,22
GIH,NA20885,7
GIH,NA20886,6
GIH,NA20887,8
GIH,NA20888,20
GIH,NA20889,19
GIH,NA20890,24
GIH,NA20891,33
GIH,NA20892,13
GIH,NA20894,9
GIH,NA20895,22
GIH,NA20896,9
GIH,NA20897,13
GIH,NA20899,10
GIH,NA20900,32
GIH,NA20901,3
GIH,NA20902,20
GIH,NA20903,19
GIH,NA20904,11
GIH,NA20905,13
GIH,NA20906,28
GIH,NA20908,10
GIH,NA20910,9
GIH,NA20911,10
GIH,NA21086,7
GIH,NA21087,14
GIH,NA21088,3
GIH,NA21089,8
GIH,NA21090,14
GIH,NA21091,13
GIH,NA21092,13
GIH,NA21093,25
GIH,NA21094,30
GIH,NA21095,7
GIH,NA21097,17
GIH,NA21098,7
GIH,NA21099,21
GIH,NA21100,13
GIH,NA21101,28
GIH,NA21102,17
GIH,NA21103,8
GIH,NA21104,11
GIH,NA21105,18
GIH,NA21106,17
GIH,NA21107,19
GIH,NA21108,32
GIH,NA21109,15
GIH,NA21110,21
GIH,NA21111,22
GIH,NA21112,4
GIH,NA21113,12
GIH,NA21114,24
GIH,NA21115,24
GIH,NA21116,6
GIH,NA21117,24
GIH,NA21118,26
GIH,NA21119,8
GIH,NA21120,4
GIH,NA21122,7
GIH,NA21123,7
GIH,NA21124,12
GIH,NA21125,26
GIH,NA21126,37
GIH,NA21127,30
GIH,NA21128,15
GIH,NA21129,9
GIH,NA21130,5
GIH,NA21133,12
GIH,NA21135,9
GIH,NA21137,4
GIH,NA21141,24
GIH,NA21142,5
GIH,NA21143,12
GIH,NA21144,6
CHB,NA18525,10
CHB,NA18526,7
CHB,NA18528,5
CHB,NA18530,6
CHB,NA18531,5
CHB,NA18532,3
CHB,NA18533,6
CHB,NA18534,6
CHB,NA18535,11
CHB,NA18536,13
CHB,NA18537,8
CHB,NA18538,4
CHB,NA18539,15
CHB,NA18541,6
CHB,NA18542,10
CHB,NA18543,3
CHB,NA18544,6
CHB,NA18545,4
CHB,NA18546,9
CHB,NA18547,25
CHB,NA18548,6
CHB,NA18549,4
CHB,NA18550,8
CHB,NA18552,7
CHB,NA18553,14
CHB,NA18555,6
CHB,NA18557,9
CHB,NA18558,6
CHB,NA18559,8
CHB,NA18560,12
CHB,NA18561,2
CHB,NA18562,6
CHB,NA18563,8
CHB,NA18564,8
CHB,NA18565,3
CHB,NA18566,6
CHB,NA18567,10
CHB,NA18570,3
CHB,NA18571,12
CHB,NA18572,6
CHB,NA18573,8
CHB,NA18574,4
CHB,NA18577,3
CHB,NA18579,10
CHB,NA18582,3
CHB,NA18591,8
CHB,NA18592,28
CHB,NA18593,5
CHB,NA18595,4
CHB,NA18596,8
CHB,NA18597,11
CHB,NA18599,6
CHB,NA18602,6
CHB,NA18603,5
CHB,NA18605,11
CHB,NA18606,7
CHB,NA18608,6
CHB,NA18609,5
CHB,NA18610,10
CHB,NA18611,9
CHB,NA18612,14
CHB,NA18613,5
CHB,NA18614,10
CHB,NA18615,8
CHB,NA18616,10
CHB,NA18617,6
CHB,NA18618,5
CHB,NA18619,8
CHB,NA18620,2
CHB,NA18621,6
CHB,NA18622,8
CHB,NA18623,8
CHB,NA18624,9
CHB,NA18625,6
CHB,NA18626,10
CHB,NA18627,9
CHB,NA18628,2
CHB,NA18629,5
CHB,NA18630,5
CHB,NA18631,9
CHB,NA18632,7
CHB,NA18633,10
CHB,NA18634,11
CHB,NA18635,6
CHB,NA18636,5
CHB,NA18637,5
CHB,NA18638,5
CHB,NA18639,24
CHB,NA18640,9
CHB,NA18641,7
CHB,NA18642,6
CHB,NA18643,6
CHB,NA18644,11
CHB,NA18645,7
CHB,NA18646,13
CHB,NA18647,7
CHB,NA18648,4
CHB,NA18740,8
CHB,NA18745,8
CHB,NA18747,3
CHB,NA18748,5
CHB,NA18749,4
CHB,NA18757,5
KHV,HG01595,5
KHV,HG01596,5
KHV,HG01597,6
KHV,HG01598,4
KHV,HG01599,8
KHV,HG01600,4
KHV,HG01840,7
KHV,HG01841,5
KHV,HG01842,11
KHV,HG01843,9
KHV,HG01844,12
KHV,HG01845,9
KHV,HG01846,13
KHV,HG01847,9
KHV,HG01848,6
KHV,HG01849,10
KHV,HG01850,8
KHV,HG01851,1
KHV,HG01852,13
KHV,HG01853,7
KHV,HG01855,4
KHV,HG01857,2
KHV,HG01858,4
KHV,HG01859,7
KHV,HG01860,8
KHV,HG01861,9
KHV,HG01862,15
KHV,HG01863,8
KHV,HG01864,9
KHV,HG01865,7
KHV,HG01866,11
KHV,HG01867,10
KHV,HG01868,6
KHV,HG01869,7
KHV,HG01870,9
KHV,HG01871,8
KHV,HG01872,10
KHV,HG01873,9
KHV,HG01874,14
KHV,HG01878,8
KHV,HG02016,2
KHV,HG02017,7
KHV,HG02019,2
KHV,HG02020,3
KHV,HG02023,10
KHV,HG02025,10
KHV,HG02026,4
KHV,HG02028,6
KHV,HG02029,4
KHV,HG02031,5
KHV,HG02032,13
KHV,HG02035,8
KHV,HG02040,5
KHV,HG02047,8
KHV,HG02048,19
KHV,HG02049,2
KHV,HG02050,9
KHV,HG02057,10
KHV,HG02058,9
KHV,HG02060,5
KHV,HG02061,6
KHV,HG02064,7
KHV,HG02067,4
KHV,HG02069,13
KHV,HG02070,9
KHV,HG02072,11
KHV,HG02073,12
KHV,HG02075,3
KHV,HG02076,10
KHV,HG02078,11
KHV,HG02079,7
KHV,HG02081,8
KHV,HG02082,6
KHV,HG02084,7
KHV,HG02085,6
KHV,HG02086,7
KHV,HG02087,6
KHV,HG02088,6
KHV,HG02113,2
KHV,HG02116,6
KHV,HG02121,8
KHV,HG02122,5
KHV,HG02127,5
KHV,HG02128,4
KHV,HG02130,4
KHV,HG02131,9
KHV,HG02133,7
KHV,HG02134,8
KHV,HG02136,3
KHV,HG02137,3
KHV,HG02138,13
KHV,HG02139,11
KHV,HG02140,8
KHV,HG02141,8
KHV,HG02142,13
KHV,HG02512,6
KHV,HG02513,5
KHV,HG02521,11
KHV,HG02522,13
CHS,HG00403,3
CHS,HG00404,10
CHS,HG00406,9
CHS,HG00407,4
CHS,HG00409,11
CHS,HG00410,5
CHS,HG00419,8
CHS,HG00421,3
CHS,HG00422,6
CHS,HG00428,12
CHS,HG00436,5
CHS,HG00437,6
CHS,HG00442,11
CHS,HG00443,5
CHS,HG00445,10
CHS,HG00446,9
CHS,HG00448,10
CHS,HG00449,11
CHS,HG00451,8
CHS,HG00452,9
CHS,HG00457,10
CHS,HG00458,4
CHS,HG00463,9
CHS,HG00464,2
CHS,HG00472,6
CHS,HG00473,11
CHS,HG00475,9
CHS,HG00476,9
CHS,HG00478,10
CHS,HG00479,4
CHS,HG00500,10
CHS,HG00513,7
CHS,HG00524,5
CHS,HG00525,11
CHS,HG00530,9
CHS,HG00531,4
CHS,HG00533,5
CHS,HG00534,7
CHS,HG00536,3
CHS,HG00537,6
CHS,HG00542,8
CHS,HG00543,11
CHS,HG00556,3
CHS,HG00557,10
CHS,HG00559,5
CHS,HG00560,9
CHS,HG00565,7
CHS,HG00566,6
CHS,HG00580,7
CHS,HG00581,10
CHS,HG00583,6
CHS,HG00584,7
CHS,HG00589,2
CHS,HG00590,3
CHS,HG00592,1
CHS,HG00593,12
CHS,HG00595,10
CHS,HG00596,9
CHS,HG00598,7
CHS,HG00599,10
CHS,HG00607,5
CHS,HG00608,9
CHS,HG00610,8
CHS,HG00611,7
CHS,HG00613,7
CHS,HG00614,8
CHS,HG00619,4
CHS,HG00620,11
CHS,HG00622,1
CHS,HG00623,16
CHS,HG00625,4
CHS,HG00626,6
CHS,HG00628,14
CHS,HG00629,5
CHS,HG00631,4
CHS,HG00632,5
CHS,HG00634,4
CHS,HG00650,9
CHS,HG00651,3
CHS,HG00653,9
CHS,HG00654,9
CHS,HG00656,6
CHS,HG00657,3
CHS,HG00662,2
CHS,HG00663,6
CHS,HG00671,10
CHS,HG00672,4
CHS,HG00674,7
CHS,HG00675,11
CHS,HG00683,10
CHS,HG00684,8
CHS,HG00689,1
CHS,HG00690,1
CHS,HG00692,5
CHS,HG00693,9
CHS,HG00698,11
CHS,HG00699,6
CHS,HG00701,7
CHS,HG00704,10
CHS,HG00705,6
CHS,HG00707,4
CHS,HG00708,8
CHS,HG00717,8
CHS,HG00728,8
CHS,HG00729,5
JPT,NA18939,10
JPT,NA18940,7
JPT,NA18941,20
JPT,NA18942,4
JPT,NA18943,3
JPT,NA18944,3
JPT,NA18945,6
JPT,NA18946,11
JPT,NA18947,25
JPT,NA18948,6
JPT,NA18949,9
JPT,NA18950,2
JPT,NA18951,6
JPT,NA18952,10
JPT,NA18953,4
JPT,NA18954,13
JPT,NA18956,5
JPT,NA18957,10
JPT,NA18959,3
JPT,NA18960,10
JPT,NA18961,18
JPT,NA18962,9
JPT,NA18963,8
JPT,NA18964,6
JPT,NA18965,6
JPT,NA18966,10
JPT,NA18967,10
JPT,NA18968,16
JPT,NA18969,6
JPT,NA18970,8
JPT,NA18971,24
JPT,NA18972,15
JPT,NA18973,10
JPT,NA18974,16
JPT,NA18975,24
JPT,NA18976,11
JPT,NA18977,3
JPT,NA18978,5
JPT,NA18979,5
JPT,NA18980,8
JPT,NA18981,7
JPT,NA18982,8
JPT,NA18983,2
JPT,NA18984,6
JPT,NA18985,4
JPT,NA18986,11
JPT,NA18987,8
JPT,NA18988,9
JPT,NA18989,14
JPT,NA18990,1
JPT,NA18991,22
JPT,NA18992,24
JPT,NA18993,7
JPT,NA18994,21
JPT,NA18995,30
JPT,NA18997,10
JPT,NA18998,16
JPT,NA18999,4
JPT,NA19000,10
JPT,NA19001,8
JPT,NA19002,5
JPT,NA19003,8
JPT,NA19004,12
JPT,NA19005,9
JPT,NA19006,3
JPT,NA19007,8
JPT,NA19009,12
JPT,NA19010,10
JPT,NA19011,10
JPT,NA19012,4
JPT,NA19054,6
JPT,NA19055,23
JPT,NA19056,13
JPT,NA19057,6
JPT,NA19058,25
JPT,NA19059,5
JPT,NA19060,5
JPT,NA19062,7
JPT,NA19063,9
JPT,NA19064,8
JPT,NA19065,14
JPT,NA19066,4
JPT,NA19067,5
JPT,NA19068,25
JPT,NA19070,6
JPT,NA19072,10
JPT,NA19074,9
JPT,NA19075,2
JPT,NA19076,2
JPT,NA19077,19
JPT,NA19078,10
JPT,NA19079,11
JPT,NA19080,8
JPT,NA19081,21
JPT,NA19082,15
JPT,NA19083,4
JPT,NA19084,2
JPT,NA19085,8
JPT,NA19086,12
JPT,NA19087,24
JPT,NA19088,3
JPT,NA19089,7
JPT,NA19090,25
JPT,NA19091,7
CDX,HG00759,5
CDX,HG00766,11
CDX,HG00844,6
CDX,HG00851,6
CDX,HG00864,7
CDX,HG00867,4
CDX,HG00879,9
CDX,HG00881,3
CDX,HG00956,8
CDX,HG00978,7
CDX,HG00982,9
CDX,HG01028,9
CDX,HG01029,10
CDX,HG01031,11
CDX,HG01046,13
CDX,HG01794,6
CDX,HG01795,6
CDX,HG01796,4
CDX,HG01797,10
CDX,HG01798,7
CDX,HG01799,6
CDX,HG01800,4
CDX,HG01801,8
CDX,HG01802,6
CDX,HG01804,7
CDX,HG01805,4
CDX,HG01806,6
CDX,HG01807,8
CDX,HG01808,8
CDX,HG01809,11
CDX,HG01810,9
CDX,HG01811,8
CDX,HG01812,9
CDX,HG01813,7
CDX,HG01815,6
CDX,HG01816,8
CDX,HG01817,4
CDX,HG02151,11
CDX,HG02152,6
CDX,HG02153,13
CDX,HG02154,5
CDX,HG02155,4
CDX,HG02156,2
CDX,HG02164,2
CDX,HG02165,10
CDX,HG02166,9
CDX,HG02178,2
CDX,HG02179,4
CDX,HG02180,4
CDX,HG02181,9
CDX,HG02182,16
CDX,HG02184,12
CDX,HG02185,5
CDX,HG02186,5
CDX,HG02187,2
CDX,HG02188,5
CDX,HG02190,17
CDX,HG02250,10
CDX,HG02351,8
CDX,HG02353,9
CDX,HG02355,11
CDX,HG02356,7
CDX,HG02360,4
CDX,HG02364,8
CDX,HG02367,11
CDX,HG02371,9
CDX,HG02373,6
CDX,HG02374,7
CDX,HG02375,7
CDX,HG02379,5
CDX,HG02380,5
CDX,HG02382,4
CDX,HG02383,8
CDX,HG02384,9
CDX,HG02385,5
CDX,HG02386,12
CDX,HG02389,5
CDX,HG02390,6
CDX,HG02391,6
CDX,HG02392,7
CDX,HG02394,9
CDX,HG02395,9
CDX,HG02396,3
CDX,HG02397,5
CDX,HG02398,8
CDX,HG02399,10
CDX,HG02401,5
CDX,HG02402,10
CDX,HG02406,10
CDX,HG02407,5
CDX,HG02408,11
CDX,HG02409,5
CDX,HG02410,14
TSI,NA20502,6
TSI,NA20503,26
TSI,NA20504,12
TSI,NA20505,22
TSI,NA20506,14
TSI,NA20507,9
TSI,NA20508,9
TSI,NA20509,21
TSI,NA20510,6
TSI,NA20511,6
TSI,NA20512,5
TSI,NA20513,7
TSI,NA20514,11
TSI,NA20515,4
TSI,NA20516,8
TSI,NA20517,6
TSI,NA20518,23
TSI,NA20519,14
TSI,NA20520,5
TSI,NA20521,26
TSI,NA20522,7
TSI,NA20524,12
TSI,NA20525,29
TSI,NA20527,8
TSI,NA20528,12
TSI,NA20529,17
TSI,NA20530,5
TSI,NA20531,25
TSI,NA20532,6
TSI,NA20533,12
TSI,NA20534,8
TSI,NA20535,7
TSI,NA20536,7
TSI,NA20538,10
TSI,NA20539,8
TSI,NA20540,12
TSI,NA20541,5
TSI,NA20542,13
TSI,NA20543,3
TSI,NA20544,5
TSI,NA20581,7
TSI,NA20582,6
TSI,NA20585,28
TSI,NA20586,6
TSI,NA20587,10
TSI,NA20588,17
TSI,NA20589,9
TSI,NA20752,6
TSI,NA20753,8
TSI,NA20754,28
TSI,NA20755,12
TSI,NA20756,7
TSI,NA20757,24
TSI,NA20758,11
TSI,NA20759,26
TSI,NA20760,9
TSI,NA20761,23
TSI,NA20762,10
TSI,NA20763,19
TSI,NA20764,13
TSI,NA20765,26
TSI,NA20766,12
TSI,NA20767,9
TSI,NA20768,6
TSI,NA20769,9
TSI,NA20770,12
TSI,NA20771,29
TSI,NA20772,6
TSI,NA20773,12
TSI,NA20774,5
TSI,NA20775,9
TSI,NA20778,9
TSI,NA20783,10
TSI,NA20785,11
TSI,NA20786,6
TSI,NA20787,8
TSI,NA20790,3
TSI,NA20792,5
TSI,NA20795,6
TSI,NA20796,7
TSI,NA20797,8
TSI,NA20798,16
TSI,NA20799,7
TSI,NA20800,9
TSI,NA20801,8
TSI,NA20802,13
TSI,NA20803,7
TSI,NA20804,4
TSI,NA20805,6
TSI,NA20806,7
TSI,NA20807,6
TSI,NA20808,7
TSI,NA20809,8
TSI,NA20810,11
TSI,NA20811,16
TSI,NA20812,11
TSI,NA20813,11
TSI,NA20814,8
TSI,NA20815,7
TSI,NA20818,24
TSI,NA20819,11
TSI,NA20821,9
TSI,NA20822,5
TSI,NA20826,10
TSI,NA20827,14
TSI,NA20828,9
TSI,NA20832,30
CEU,NA06984,6
CEU,NA06985,8
CEU,NA06986,27
CEU,NA06989,13
CEU,NA06994,10
CEU,NA07000,10
CEU,NA07037,20
CEU,NA07048,10
CEU,NA07051,9
CEU,NA07056,13
CEU,NA07347,5
CEU,NA07357,5
CEU,NA10847,10
CEU,NA10851,6
CEU,NA11829,24
CEU,NA11830,8
CEU,NA11831,3
CEU,NA11832,14
CEU,NA11840,13
CEU,NA11843,5
CEU,NA11881,21
CEU,NA11892,8
CEU,NA11893,9
CEU,NA11894,25
CEU,NA11918,7
CEU,NA11919,5
CEU,NA11920,12
CEU,NA11930,11
CEU,NA11931,5
CEU,NA11932,1
CEU,NA11933,5
CEU,NA11992,27
CEU,NA11994,4
CEU,NA11995,11
CEU,NA12003,5
CEU,NA12004,35
CEU,NA12005,8
CEU,NA12006,8
CEU,NA12043,6
CEU,NA12044,11
CEU,NA12045,9
CEU,NA12046,13
CEU,NA12058,5
CEU,NA12144,10
CEU,NA12154,13
CEU,NA12155,24
CEU,NA12156,6
CEU,NA12234,38
CEU,NA12249,6
CEU,NA12272,20
CEU,NA12273,9
CEU,NA12275,5
CEU,NA12282,11
CEU,NA12283,7
CEU,NA12286,4
CEU,NA12287,14
CEU,NA12340,2
CEU,NA12341,5
CEU,NA12342,7
CEU,NA12347,25
CEU,NA12348,7
CEU,NA12383,25
CEU,NA12399,7
CEU,NA12400,9
CEU,NA12413,8
CEU,NA12414,8
CEU,NA12489,13
CEU,NA12546,4
CEU,NA12716,15
CEU,NA12717,8
CEU,NA12718,11
CEU,NA12748,9
CEU,NA12749,11
CEU,NA12750,8
CEU,NA12751,10
CEU,NA12760,7
CEU,NA12761,39
CEU,NA12762,7
CEU,NA12763,29
CEU,NA12775,7
CEU,NA12776,10
CEU,NA12777,12
CEU,NA12778,3
CEU,NA12812,8
CEU,NA12813,8
CEU,NA12814,21
CEU,NA12815,8
CEU,NA12827,3
CEU,NA12828,19
CEU,NA12829,14
CEU,NA12830,10
CEU,NA12842,28
CEU,NA12843,5
CEU,NA12872,6
CEU,NA12873,8
CEU,NA12874,18
CEU,NA12878,4
CEU,NA12889,18
CEU,NA12890,3
IBS,HG01500,9
IBS,HG01501,18
IBS,HG01503,32
IBS,HG01504,22
IBS,HG01506,7
IBS,HG01507,8
IBS,HG01509,9
IBS,HG01510,4
IBS,HG01512,6
IBS,HG01513,20
IBS,HG01515,23
IBS,HG01516,5
IBS,HG01518,30
IBS,HG01519,4
IBS,HG01521,5
IBS,HG01522,8
IBS,HG01524,7
IBS,HG01525,7
IBS,HG01527,5
IBS,HG01528,12
IBS,HG01530,9
IBS,HG01531,5
IBS,HG01536,21
IBS,HG01537,7
IBS,HG01602,17
IBS,HG01603,10
IBS,HG01605,9
IBS,HG01606,10
IBS,HG01607,21
IBS,HG01608,24
IBS,HG01610,11
IBS,HG01612,5
IBS,HG01613,11
IBS,HG01615,13
IBS,HG01617,7
IBS,HG01618,12
IBS,HG01619,12
IBS,HG01620,12
IBS,HG01623,12
IBS,HG01624,6
IBS,HG01625,5
IBS,HG01626,6
IBS,HG01628,9
IBS,HG01630,19
IBS,HG01631,4
IBS,HG01632,6
IBS,HG01668,11
IBS,HG01669,12
IBS,HG01670,4
IBS,HG01672,16
IBS,HG01673,11
IBS,HG01675,14
IBS,HG01676,21
IBS,HG01678,10
IBS,HG01679,20
IBS,HG01680,17
IBS,HG01682,3
IBS,HG01684,9
IBS,HG01685,4
IBS,HG01686,3
IBS,HG01694,3
IBS,HG01695,6
IBS,HG01697,13
IBS,HG01699,10
IBS,HG01700,22
IBS,HG01702,11
IBS,HG01704,10
IBS,HG01705,8
IBS,HG01707,11
IBS,HG01708,5
IBS,HG01709,24
IBS,HG01710,25
IBS,HG01746,6
IBS,HG01747,4
IBS,HG01756,8
IBS,HG01757,27
IBS,HG01761,12
IBS,HG01762,11
IBS,HG01765,18
IBS,HG01766,18
IBS,HG01767,3
IBS,HG01768,19
IBS,HG01770,27
IBS,HG01771,27
IBS,HG01773,26
IBS,HG01775,8
IBS,HG01776,12
IBS,HG01777,10
IBS,HG01779,17
IBS,HG01781,17
IBS,HG01783,11
IBS,HG01784,8
IBS,HG01785,8
IBS,HG01786,15
IBS,HG02219,10
IBS,HG02220,6
IBS,HG02221,28
IBS,HG02223,5
IBS,HG02224,25
IBS,HG02230,7
IBS,HG02231,9
IBS,HG02232,4
IBS,HG02233,4
IBS,HG02235,6
IBS,HG02236,22
IBS,HG02238,9
IBS,HG02239,16
GBR,HG00096,7
GBR,HG00097,10
GBR,HG00099,19
GBR,HG00100,6
GBR,HG00101,16
GBR,HG00102,8
GBR,HG00103,6
GBR,HG00105,8
GBR,HG00106,9
GBR,HG00107,14
GBR,HG00108,19
GBR,HG00109,4
GBR,HG00110,26
GBR,HG00111,3
GBR,HG00112,7
GBR,HG00113,8
GBR,HG00114,5
GBR,HG00115,8
GBR,HG00116,9
GBR,HG00117,12
GBR,HG00118,26
GBR,HG00119,8
GBR,HG00120,6
GBR,HG00121,13
GBR,HG00122,26
GBR,HG00123,11
GBR,HG00125,4
GBR,HG00126,8
GBR,HG00127,5
GBR,HG00128,8
GBR,HG00129,13
GBR,HG00130,9
GBR,HG00131,6
GBR,HG00132,12
GBR,HG00133,2
GBR,HG00136,9
GBR,HG00137,9
GBR,HG00138,13
GBR,HG00139,9
GBR,HG00140,8
GBR,HG00141,6
GBR,HG00142,14
GBR,HG00143,7
GBR,HG00145,16
GBR,HG00146,4
GBR,HG00148,8
GBR,HG00149,7
GBR,HG00150,13
GBR,HG00151,5
GBR,HG00154,8
GBR,HG00155,10
GBR,HG00157,5
GBR,HG00158,27
GBR,HG00159,6
GBR,HG00160,9
GBR,HG00231,6
GBR,HG00232,4
GBR,HG00233,6
GBR,HG00234,7
GBR,HG00235,10
GBR,HG00236,25
GBR,HG00237,5
GBR,HG00238,9
GBR,HG00239,6
GBR,HG00240,4
GBR,HG00242,5
GBR,HG00243,6
GBR,HG00244,20
GBR,HG00245,10
GBR,HG00246,15
GBR,HG00250,12
GBR,HG00251,7
GBR,HG00252,6
GBR,HG00253,6
GBR,HG00254,2
GBR,HG00255,11
GBR,HG00256,8
GBR,HG00257,4
GBR,HG00258,4
GBR,HG00259,12
GBR,HG00260,8
GBR,HG00261,1
GBR,HG00262,13
GBR,HG00263,25
GBR,HG00264,8
GBR,HG00265,6
GBR,HG01334,3
GBR,HG01789,13
GBR,HG01790,11
GBR,HG01791,3
GBR,HG02215,21
FIN,HG00171,24
FIN,HG00173,16
FIN,HG00174,9
FIN,HG00176,4
FIN,HG00177,5
FIN,HG00178,26
FIN,HG00179,14
FIN,HG00180,10
FIN,HG00181,15
FIN,HG00182,8
FIN,HG00183,5
FIN,HG00185,7
FIN,HG00186,20
FIN,HG00187,10
FIN,HG00188,9
FIN,HG00189,7
FIN,HG00190,2
FIN,HG00266,9
FIN,HG00267,21
FIN,HG00268,12
FIN,HG00269,10
FIN,HG00271,10
FIN,HG00272,4
FIN,HG00273,6
FIN,HG00274,9
FIN,HG00275,8
FIN,HG00276,8
FIN,HG00277,7
FIN,HG00278,6
FIN,HG00280,14
FIN,HG00281,8
FIN,HG00282,28
FIN,HG00284,5
FIN,HG00285,9
FIN,HG00288,14
FIN,HG00290,11
FIN,HG00304,8
FIN,HG00306,12
FIN,HG00308,21
FIN,HG00309,15
FIN,HG00310,25
FIN,HG00311,10
FIN,HG00313,10
FIN,HG00315,9
FIN,HG00318,29
FIN,HG00319,5
FIN,HG00320,6
FIN,HG00321,6
FIN,HG00323,8
FIN,HG00324,15
FIN,HG00325,7
FIN,HG00326,14
FIN,HG00327,12
FIN,HG00328,3
FIN,HG00329,5
FIN,HG00330,4
FIN,HG00331,14
FIN,HG00332,4
FIN,HG00334,5
FIN,HG00335,6
FIN,HG00336,6
FIN,HG00337,4
FIN,HG00338,5
FIN,HG00339,4
FIN,HG00341,4
FIN,HG00342,7
FIN,HG00343,9
FIN,HG00344,4
FIN,HG00345,10
FIN,HG00346,14
FIN,HG00349,8
FIN,HG00350,41
FIN,HG00351,13
FIN,HG00353,14
FIN,HG00355,5
FIN,HG00356,24
FIN,HG00357,7
FIN,HG00358,6
FIN,HG00360,25
FIN,HG00361,24
FIN,HG00362,5
FIN,HG00364,14
FIN,HG00365,12
FIN,HG00366,19
FIN,HG00367,11
FIN,HG00368,9
FIN,HG00369,5
FIN,HG00371,10
FIN,HG00372,25
FIN,HG00373,3
FIN,HG00375,8
FIN,HG00376,2
FIN,HG00378,14
FIN,HG00379,10
FIN,HG00380,29
FIN,HG00381,10
FIN,HG00382,18
FIN,HG00383,21
FIN,HG00384,6
PEL,HG01565,18
PEL,HG01566,9
PEL,HG01571,22
PEL,HG01572,12
PEL,HG01577,20
PEL,HG01578,8
PEL,HG01892,7
PEL,HG01893,20
PEL,HG01917,8
PEL,HG01918,21
PEL,HG01920,4
PEL,HG01921,11
PEL,HG01923,14
PEL,HG01924,8
PEL,HG01926,16
PEL,HG01927,22
PEL,HG01932,24
PEL,HG01933,21
PEL,HG01935,8
PEL,HG01936,15
PEL,HG01938,8
PEL,HG01939,24
PEL,HG01941,12
PEL,HG01942,7
PEL,HG01944,10
PEL,HG01945,7
PEL,HG01947,5
PEL,HG01948,25
PEL,HG01950,19
PEL,HG01951,14
PEL,HG01953,27
PEL,HG01954,24
PEL,HG01961,11
PEL,HG01965,9
PEL,HG01967,18
PEL,HG01968,12
PEL,HG01970,14
PEL,HG01971,12
PEL,HG01973,13
PEL,HG01974,15
PEL,HG01976,16
PEL,HG01977,15
PEL,HG01979,7
PEL,HG01980,16
PEL,HG01982,3
PEL,HG01991,11
PEL,HG01992,13
PEL,HG01997,6
PEL,HG02002,26
PEL,HG02003,22
PEL,HG02006,23
PEL,HG02008,7
PEL,HG02089,24
PEL,HG02090,29
PEL,HG02102,10
PEL,HG02104,30
PEL,HG02105,25
PEL,HG02146,4
PEL,HG02147,26
PEL,HG02150,19
PEL,HG02252,10
PEL,HG02253,19
PEL,HG02259,24
PEL,HG02260,7
PEL,HG02262,16
PEL,HG02265,16
PEL,HG02266,11
PEL,HG02271,11
PEL,HG02272,13
PEL,HG02274,9
PEL,HG02275,22
PEL,HG02277,9
PEL,HG02278,29
PEL,HG02285,8
PEL,HG02286,8
PEL,HG02291,32
PEL,HG02292,9
PEL,HG02298,10
PEL,HG02299,21
PEL,HG02301,8
PEL,HG02304,13
PEL,HG02312,25
PEL,HG02345,17
PEL,HG02348,27
PEL,HG02425,8
MXL,NA19648,10
MXL,NA19649,13
MXL,NA19651,9
MXL,NA19652,1
MXL,NA19654,13
MXL,NA19655,8
MXL,NA19657,20
MXL,NA19658,15
MXL,NA19661,5
MXL,NA19663,7
MXL,NA19664,18
MXL,NA19669,7
MXL,NA19670,15
MXL,NA19676,6
MXL,NA19678,12
MXL,NA19679,20
MXL,NA19681,15
MXL,NA19682,9
MXL,NA19684,5
MXL,NA19716,6
MXL,NA19717,8
MXL,NA19719,10
MXL,NA19720,15
MXL,NA19722,7
MXL,NA19723,24
MXL,NA19725,21
MXL,NA19726,26
MXL,NA19728,16
MXL,NA19729,8
MXL,NA19731,10
MXL,NA19732,20
MXL,NA19734,15
MXL,NA19735,25
MXL,NA19740,10
MXL,NA19741,14
MXL,NA19746,27
MXL,NA19747,30
MXL,NA19749,10
MXL,NA19750,17
MXL,NA19752,6
MXL,NA19755,28
MXL,NA19756,10
MXL,NA19758,16
MXL,NA19759,10
MXL,NA19761,6
MXL,NA19762,8
MXL,NA19764,7
MXL,NA19770,5
MXL,NA19771,28
MXL,NA19773,20
MXL,NA19774,5
MXL,NA19776,12
MXL,NA19777,13
MXL,NA19779,13
MXL,NA19780,11
MXL,NA19782,11
MXL,NA19783,19
MXL,NA19785,17
MXL,NA19786,6
MXL,NA19788,8
MXL,NA19789,18
MXL,NA19792,9
MXL,NA19794,12
MXL,NA19795,10
CLM,HG01112,10
CLM,HG01113,7
CLM,HG01119,23
CLM,HG01121,23
CLM,HG01122,16
CLM,HG01124,9
CLM,HG01125,7
CLM,HG01130,10
CLM,HG01131,25
CLM,HG01133,8
CLM,HG01134,14
CLM,HG01136,6
CLM,HG01137,35
CLM,HG01139,16
CLM,HG01140,18
CLM,HG01142,31
CLM,HG01148,14
CLM,HG01149,13
CLM,HG01250,9
CLM,HG01251,28
CLM,HG01253,9
CLM,HG01254,14
CLM,HG01256,6
CLM,HG01257,5
CLM,HG01259,5
CLM,HG01260,4
CLM,HG01269,26
CLM,HG01271,14
CLM,HG01272,12
CLM,HG01275,6
CLM,HG01277,7
CLM,HG01280,7
CLM,HG01281,7
CLM,HG01284,7
CLM,HG01341,10
CLM,HG01342,17
CLM,HG01344,37
CLM,HG01345,19
CLM,HG01348,13
CLM,HG01350,11
CLM,HG01351,8
CLM,HG01353,8
CLM,HG01354,39
CLM,HG01356,8
CLM,HG01357,11
CLM,HG01359,15
CLM,HG01360,12
CLM,HG01362,14
CLM,HG01363,26
CLM,HG01365,7
CLM,HG01366,5
CLM,HG01369,29
CLM,HG01372,9
CLM,HG01374,10
CLM,HG01375,13
CLM,HG01377,9
CLM,HG01378,22
CLM,HG01383,1
CLM,HG01384,14
CLM,HG01389,24
CLM,HG01390,19
CLM,HG01431,11
CLM,HG01432,5
CLM,HG01435,14
CLM,HG01437,6
CLM,HG01438,6
CLM,HG01440,7
CLM,HG01441,7
CLM,HG01443,13
CLM,HG01444,10
CLM,HG01447,14
CLM,HG01455,15
CLM,HG01456,17
CLM,HG01459,9
CLM,HG01461,9
CLM,HG01462,19
CLM,HG01464,22
CLM,HG01465,11
CLM,HG01468,2
CLM,HG01474,5
CLM,HG01479,6
CLM,HG01485,28
CLM,HG01486,24
CLM,HG01488,14
CLM,HG01489,10
CLM,HG01491,1
CLM,HG01492,9
CLM,HG01494,11
CLM,HG01495,9
CLM,HG01497,6
CLM,HG01498,10
CLM,HG01550,7
CLM,HG01551,10
CLM,HG01556,8
PUR,HG00551,6
PUR,HG00553,14
PUR,HG00554,12
PUR,HG00637,17
PUR,HG00638,6
PUR,HG00640,3
PUR,HG00641,15
PUR,HG00731,6
PUR,HG00732,5
PUR,HG00734,8
PUR,HG00736,14
PUR,HG00737,8
PUR,HG00739,7
PUR,HG00740,13
PUR,HG00742,9
PUR,HG00743,8
PUR,HG01047,4
PUR,HG01048,16
PUR,HG01049,16
PUR,HG01051,8
PUR,HG01052,25
PUR,HG01054,9
PUR,HG01055,6
PUR,HG01058,12
PUR,HG01060,6
PUR,HG01061,5
PUR,HG01063,31
PUR,HG01064,8
PUR,HG01066,12
PUR,HG01067,10
PUR,HG01069,27
PUR,HG01070,8
PUR,HG01072,17
PUR,HG01073,3
PUR,HG01075,12
PUR,HG01077,7
PUR,HG01079,10
PUR,HG01080,22
PUR,HG01082,23
PUR,HG01083,1
PUR,HG01085,4
PUR,HG01086,6
PUR,HG01088,14
PUR,HG01089,17
PUR,HG01092,24
PUR,HG01094,9
PUR,HG01095,15
PUR,HG01097,25
PUR,HG01098,14
PUR,HG01101,32
PUR,HG01102,6
PUR,HG01104,25
PUR,HG01105,8
PUR,HG01107,14
PUR,HG01108,12
PUR,HG01110,10
PUR,HG01111,9
PUR,HG01161,8
PUR,HG01162,14
PUR,HG01164,9
PUR,HG01167,10
PUR,HG01168,6
PUR,HG01170,2
PUR,HG01171,3
PUR,HG01173,18
PUR,HG01174,23
PUR,HG01176,5
PUR,HG01177,10
PUR,HG01182,5
PUR,HG01183,26
PUR,HG01187,11
PUR,HG01188,7
PUR,HG01190,11
PUR,HG01191,3
PUR,HG01197,14
PUR,HG01198,11
PUR,HG01200,8
PUR,HG01204,3
PUR,HG01205,24
PUR,HG01241,31
PUR,HG01242,23
PUR,HG01247,18
PUR,HG01248,12
PUR,HG01286,16
PUR,HG01302,9
PUR,HG01303,15
PUR,HG01305,25
PUR,HG01308,27
PUR,HG01311,24
PUR,HG01312,9
PUR,HG01323,29
PUR,HG01325,12
PUR,HG01326,5
PUR,HG01392,19
PUR,HG01393,9
PUR,HG01395,22
PUR,HG01396,10
PUR,HG01398,7
PUR,HG01402,5
PUR,HG01403,18
PUR,HG01405,10
PUR,HG01412,12
PUR,HG01413,10
PUR,HG01414,7
